<?xml version='1.0' encoding='utf-8' ?>
<!DOCTYPE mapper PUBLIC '-//mybatis.org//DTD Mapper 3.0//EN'
	'http://mybatis.org/dtd/mybatis-3-mapper.dtd'>
<mapper namespace='com.my.date.dao.map.DeclarationMap'>
	<select id='selectDeclarations' resultType="declarationAdminDto">
		select d.declare_id, d.place_id, d.user_id, d.content, d.confirm, d.created_at, u.id, p.place_name, details.address
		from declarations d left join users u on d.user_id = u.user_id
							left join places p on d.place_id = p.place_id
							left join details on d.place_id = details.place_id
		order by created_at desc
	</select>

	<select id='selectDeclarationsByUserId' resultType="myDeclarationDto">
		select d.declare_id, d.place_id, d.user_id, d.content, d.confirm, d.created_at, p.place_name
		from declarations d, places p
		where d.place_id = p.place_id and d.user_id = #{userId}
	</select>

	<select id='selectPlaceName' resultType='string'>
		select place_name
		from places
		where place_id = #{placeId}
	</select>
	
	<insert id='insertDeclaration'>
		insert into declarations values(declarations_id_seq.nextval, #{placeId}, #{userId}, #{content}, 0, sysdate)
	</insert>
	
	<update id="updateConfirm">
		update declarations
		set confirm = #{confirm}
		where declare_id = #{declareId}
	</update>

	<delete id="deleteDeclarationByDeclareIdAndUserId">
		delete from declarations
		where declare_id = #{declareId} and user_id = #{userId}
	</delete>
</mapper>