<?xml version="1.0" encoding="UTF-8"?>
<!DOCTYPE mapper PUBLIC '-//mybatis.org//DTD Mapper 3.0//EN'
	'http://mybatis.org/dtd/mybatis-3-mapper.dtd'>
<mapper namespace='com.my.date.dao.map.DetailMap'>
	<select id='selectDetail' resultType='detail'>
		select detail_id, address, place_id, tel, opening_hours, closing_hours, day_off, contact, parking, created_at, updated_at
		from details
		where detail_id = #{placeId}
	</select>
	
	<update id='updateDetail'>
		update details
		set address = #{address}, tel = #{tel}, opening_hours = #{openingHours}, closing_hours = #{closingHours}, day_off = #{dayOff}, contact = #{contact}, parking = #{parking}, updated_at = sysdate 
		where place_id = #{placeId}
	</update>
	
	<insert id='insertDetail'>
		insert into details(detail_id, place_id,address, tel, opening_hours,closing_hours, day_off, contact, parking, created_at, updated_at)
		values(details_id_seq.nextval,#{placeId}, #{address}, #{tel,jdbcType=VARCHAR}, #{openingHours,jdbcType=VARCHAR}, #{closingHours,jdbcType=VARCHAR}, #{dayOff,jdbcType=VARCHAR}, #{contact,jdbcType=VARCHAR}, #{parking,jdbcType=VARCHAR}, sysdate, sysdate)
	</insert>
	
	<delete id='deleteDetail'>
		delete from details
		where detail_id = #{detailId}
	</delete>
</mapper>