<?xml version='1.0' encoding='utf-8' ?>
<!DOCTYPE mapper PUBLIC '-//mybatis.org//DTD Mapper 3.0//EN'
	'http://mybatis.org/dtd/mybatis-3-mapper.dtd'>
<mapper namespace='com.my.date.dao.map.MenuMap'>
	<select id='selectMenus' resultType="menu">
		select menu_id, place_id, menu_name, price
		from menus
		where place_id = #{placeId}
		order by menu_id 
	</select>
	
	<insert id='insertMenu'>
		insert into menus(menu_id, place_id, menu_name, price)
		values(menus_id_seq.nextval, #{placeId}, #{menuName}, #{price})
	</insert>
	
	<update id='updateMenu'>
		update menus
		set menu_name = #{menuName}, price = #{price}
		where menu_id = #{menuId}
	</update>
	
	<delete id='deleteMenu'>
		delete from menus
		where menu_id = #{menuId}
	</delete>
</mapper>