<?xml version='1.0' encoding='utf-8' ?>
<!DOCTYPE mapper PUBLIC '-//mybatis.org//DTD Mapper 3.0//EN'
	'http://mybatis.org/dtd/mybatis-3-mapper.dtd'>
<mapper namespace='com.my.date.dao.map.PlaceMap'>
	<select id='selectPlaces' resultType='place'>
		select place_id, place_name, si_id, gu_id, place_group_id, introduction
		from places
		order by place_id
	</select>

	<select id='selectPlacesBySiNameAndGuName' resultMap='placeDtoMap'>
		select p.place_id, p.place_name, p.si_id, p.gu_id, p.place_group_id, p.introduction, pi.place_image_id, pi.file_name,
		    (select count(*) from my_places mp where mp.place_id = p.place_id) as like_count,
			(select my_place_id from my_places m where m.place_id = p.place_id and m.user_id = #{userId}) as is_like
		from si, gu, places p left join place_images pi on p.place_id = pi.place_id
		where p.si_id = si.si_id and p.gu_id = gu.gu_id and si.si_name = #{siName} and gu.gu_name = #{guName}
		order by place_id
	</select>

	<select id='selectPlacesBySiNameAndGuNameAndOrderBy' resultMap='placeDtoMap'>
		select p.place_id, p.place_name, p.si_id, p.gu_id, p.place_group_id, p.introduction, pi.place_image_id, pi.file_name,
			   (select count(*) from my_places mp where mp.place_id = p.place_id) as like_count,
			   (select my_place_id from my_places m where m.place_id = p.place_id and m.user_id = #{userId}) as is_like
		from si, gu, places p left join place_images pi on p.place_id = pi.place_id
		where p.si_id = si.si_id and p.gu_id = gu.gu_id and si.si_name = #{siName} and gu.gu_name = #{guName} and p.place_group_id = #{orderBy}
		order by place_id
	</select>

	<select id="selectPlacesByUserId" resultMap="placeDtoMap">
		select p.place_id, p.place_name, p.place_group_id, p.introduction, pi.place_image_id, pi.file_name,
			   (select count(*) from my_places mp where mp.place_id = p.place_id) as like_count,
			   (select my_place_id from my_places m where m.place_id = p.place_id and m.user_id = #{userId}) as is_like
		from places p left join place_images pi on p.place_id = pi.place_id
					  left join my_places m on p.place_id = m.place_id
		where m.user_id = #{userId}
		order by place_id
	</select>
	
	<select id='selectPlace' resultType='place'>
		select place_id, place_name
		from places
		where place_id = #{placeId}
	</select>
	<insert id='insertPlace' parameterType="place">
		<selectKey keyProperty="placeId" resultType="int" order="AFTER">
			select places_id_seq.currval from dual
		</selectKey>
		insert into places values(places_id_seq.nextval, #{siId}, #{guId}, #{placeGroupId}, #{placeName}, #{introduction}, #{views}, sysdate, sysdate)
	</insert>

	<insert id="insertPlaceImages">
		insert into place_images(place_image_id, place_id, file_name)
		select placeimages_id_seq.nextval, A.* from (
		    <foreach collection="fileNames" item="item" separator="UNION ALL ">
				select #{placeId} as place_id, #{item} as file_name
				from dual
			</foreach>) A
	</insert>
	
	<update id='updatePlace'>
		update places
		set place_name = #{placeName}, introduction = #{introduction},
			si_id = #{siId}, gu_id = #{guId}, place_group_id = #{placeGroupId},
			updated_at = sysdate
		where place_id = #{placeId}
	</update>
	
	<delete id='deletePlace'>
		delete from places
		where place_id = #{placeId}
	</delete>

	<delete id="deletePlaceImage">
		delete from place_images
		where place_id = #{placeId}
	</delete>

	<select id="selectPlaceByPlaceId" resultMap="placeDetailMap">
		select p.place_id, p.place_name, p.introduction, p.views, p.place_group_id, p.created_at, p.updated_at, p.si_id, p.gu_id,
		    d.detail_id, d.address, d.tel, d.opening_hours, d.closing_hours, d.day_off, d.contact, d.parking,
		    m.menu_id, m.menu_name, m.price, pi.place_image_id, pi.file_name,
		    (select count(*) from my_places m where m.place_id = #{placeId}) as place_like_count,
		    (select my_place_id from my_places m where m.place_id = #{placeId} and m.user_id = #{userId}) as is_like
		from places p
		left join details d on p.place_id = d.place_id
		left join menus m on p.place_id = m.place_id
		left join place_images pi on p.place_id = pi.place_id
		where p.place_id = #{placeId}
	</select>

	<select id="selectAdminPlaceByPlaceId" resultMap="placeDetailMap">
		select p.place_id, p.place_name, p.introduction, p.views, p.place_group_id, p.created_at, p.updated_at,
			d.detail_id, d.address, d.tel, d.opening_hours, d.closing_hours, d.day_off, d.contact, d.parking,
			m.menu_id, m.menu_name, m.price, pi.place_image_id, pi.file_name,
			(select count(*) from my_places m where m.place_id = #{placeId}) as place_like_count
		from places p
			left join details d on p.place_id = d.place_id
			left join menus m on p.place_id = m.place_id
			left join place_images pi on p.place_id = pi.place_id
		where p.place_id = #{placeId}
	</select>

	<select id="selectMyPlace" resultType="myPlace">
		select *
		from my_places
		where user_id = #{userId} and place_id = #{placeId}
	</select>

	<insert id="insertMyPlace" parameterType="myPlace">
		<selectKey keyProperty="myPlaceId" resultType="int" order="AFTER">
			select myplaces_id_seq.currval from dual
		</selectKey>
		insert into my_places values(myplaces_id_seq.nextval, #{userId}, #{placeId})
	</insert>

	<delete id="deleteMyPlace">
		delete from my_places where user_id = #{userId} and place_id = #{placeId}
	</delete>

	<select id="selectAdminPlace" resultMap="placeAdminMap">
		select p.place_id, p.place_name, p.introduction, p.si_id, p.gu_id, si.si_name, gu.gu_name, p.place_group_id,
			   pi.place_image_id, pi.file_name
		from si, gu, places p left join place_images pi on p.place_id = pi.place_id
		where p.si_id = si.si_id and p.gu_id = gu.gu_id and p.place_id = #{placeId}
	</select>

	<select id="selectRecommendPlace" resultType="recommendPlaceDto">
		select p.place_id, pi.file_name
		from (select * from places order by place_id desc) p left join place_images pi on p.place_id = pi.place_id
		where rownum = 1
	</select>

	<resultMap id="placeAdminMap" type="placeAdminDto">
		<id property="placeId" column="place_id"/>
		<result property="placeName" column="place_name"/>
		<result property="introduction" column="introduction"/>
		<result property="siId" column="si_id"/>
		<result property="guId" column="gu_id"/>
		<result property="siName" column="si_name"/>
		<result property="guName" column="gu_name"/>
		<result property="placeGroupId" column="place_group_id"/>
		<collection property="placeImage" resultMap="placeImageMap"/>
	</resultMap>

	<resultMap id="placeDtoMap" type="placeDto">
		<id property="placeId" column="place_id"/>
		<result property="placeName" column="place_name"/>
		<result property="introduction" column="introduction"/>
		<result property="siId" column="si_id"/>
		<result property="guId" column="gu_id"/>
		<result property="views" column="views"/>
		<result property="likeCount" column="like_count"/>
		<result property="isLike" column="is_like"/>
		<result property="placeGroupId" column="place_group_id"/>
		<result property="createdAt" column="created_at"/>
		<result property="updatedAt" column="updated_at"/>
		<collection property="placeImage" resultMap="placeImageMap"/>
	</resultMap>

	<resultMap id="placeDetailMap" type="placeDetailDto">
		<id property="placeId" column="place_id"/>
		<result property="placeName" column="place_name"/>
		<result property="introduction" column="introduction"/>
		<result property="siId" column="si_id"/>
		<result property="guId" column="gu_id"/>
		<result property="views" column="views"/>
		<result property="placeGroupId" column="place_group_id"/>
		<result property="createdAt" column="created_at"/>
		<result property="updatedAt" column="updated_at"/>
		<result property="placeLikeCount" column="place_like_count"/>
		<result property="isLike" column="is_like"/>
		<association property="detail" resultMap="detailMap"/>
		<collection property="menus" resultMap="menuMap"/>
		<collection property="placeImages" resultMap="placeImageMap"/>
	</resultMap>

	<resultMap id="detailMap" type="detail">
		<id property="detailId" column="detail_id"/>
		<result property="address" column="address"/>
		<result property="tel" column="tel"/>
		<result property="openingHours" column="opening_hours"/>
		<result property="closingHours" column="closing_hours"/>
		<result property="dayOff" column="day_off"/>
		<result property="contact" column="contact"/>
		<result property="parking" column="parking"/>
	</resultMap>

	<resultMap id="menuMap" type="Menu">
		<id property="menuId" column="menu_id"/>
		<result property="menuName" column="menu_name"/>
		<result property="price" column="price"/>
	</resultMap>

	<resultMap id="placeImageMap" type="placeImage">
		<id property="placeImageId" column="place_image_id"/>
		<result property="fileName" column="file_name"/>
	</resultMap>
</mapper>