<?xml version='1.0' encoding='utf-8' ?>
<!DOCTYPE mapper PUBLIC '-//mybatis.org//DTD Mapper 3.0//EN'
		'http://mybatis.org/dtd/mybatis-3-mapper.dtd'>
<mapper namespace='com.my.date.dao.map.UserMap'>
	<select id='selectUsers' resultType='user'>
		select user_id, id, password, user_name, phone_number,
			   nickname, profile_image, birthday, created_at, updated_at
		from users
		where order by user_id
	</select>

	<select id='selectUser' resultType='user'>
		select u.user_id, u.id, u.password, u.nickname, u.email
		from users u left outer join delete_users d
									 on u.user_id = d.user_id
		where u.id = #{id} and d.user_id is null
	</select>

	<select id="selectAdminUser" resultType="user">
		select u.user_id, u.id, u.password, u.nickname, u.email
		from admins a, users u left outer join delete_users d
											   on u.user_id = d.user_id
		where u.user_id = a.user_id and u.id = #{id} and d.user_id is null
	</select>

	<select id="selectUserById" resultType="user">
		select user_id, id, password, nickname, email
		from users
		where id = #{id}
	</select>

	<select id='selectEmail' resultType="string">
		select email
		from users
		where email = #{email}
	</select>

	<insert id="insertUser">
		insert into users values(users_id_seq.nextval, #{id}, #{email}, #{password}, #{userName}, #{phoneNumber}, #{nickname}, #{profileImage}, #{birthday}, sysdate, sysdate)
	</insert>

	<update id='updateUser'>
		update users
		set password = #{password,jdbcType=VARCHAR}, nickname = #{nickname,jdbcType=VARCHAR}, phone_number = #{phoneNumber,jdbcType=VARCHAR}, birthday = #{birthday,jdbcType=VARCHAR}
		where user_id = #{userId,jdbcType=NUMERIC}
	</update>

	<select id='selectId' resultType='user'>
		select id
		from users
		where user_name = #{userName} and phone_number = #{phoneNumber}
	</select>
  
	<select id='selectPassword' resultType='user'>
		select password
		from users
		where email = #{email}
	</select>
	
	<select id="selectProfileImageByUserId" resultType="string">
		select profile_image
		from users
		where user_id = #{userId}
	</select>

	<insert id='deleteUser'>
		insert into delete_users values(#{userId})
	</insert>
	
	<update id='updatePassword'>
		update users
		set password = #{password}
		where email = #{email}
	</update>
	
	<select id='selectAdminUserList' resultType='user'>
		select u.user_id, u.user_name, u.nickname, u.phone_number, u.email, u.birthday
		from users u left outer join delete_users d
										on u.user_id = d.user_id
										where d.user_id is null
										order by user_id
	</select>
	
	<select id='selectUserByUserName' resultType='user'>
		select u.user_id, u.user_name, u.nickname, u.phone_number, u.email, u.birthday
		from users u left outer join delete_users d
		                    on u.user_id = d.user_id
							where u.user_name like #{userName} and d.user_id is null
	</select>
	
	<update id='updateAdminUser'>
		update users
		set user_name = #{userName,jdbcType=VARCHAR}, nickname = #{nickname,jdbcType=VARCHAR},
			 phone_number = #{phoneNumber,jdbcType=VARCHAR}, email = #{email,jdbcType=VARCHAR}, birthday = #{birthday,jdbcType=VARCHAR}
		where user_id = #{userId,jdbcType=NUMERIC}
	</update>
	
	<insert id='deleteAdminUser'>
		insert into delete_users values(#{userId})
	</insert>
	
	<update id='updateProfileImage'>
		update users
		set profile_image = #{profileImage}
		where user_id = #{userId}
	</update>
</mapper>